Spectrum;Irvine;CA;11 Strawberry Farm Rd;Irvine;CA
Spectrum;Irvine;CA;4115 Campus Drive;Irvine;CA
Spectrum;Irvine;CA;111 Peters Canyon Rd;Irvine;CA
Spectrum;Irvine;CA;100 Shady Canyon Dr;Irvine;CA
Spectrum;Irvine;CA;One Ethel Coplen Way;Irvine;CA
Spectrum;Irvine;CA;3750 Barranca Pkwy;Irvine;CA
11 Strawberry Farm Rd;Irvine;CA;Spectrum;Irvine;CA
11 Strawberry Farm Rd;Irvine;CA;4115 Campus Drive;Irvine;CA
11 Strawberry Farm Rd;Irvine;CA;111 Peters Canyon Rd;Irvine;CA
11 Strawberry Farm Rd;Irvine;CA;100 Shady Canyon Dr;Irvine;CA
11 Strawberry Farm Rd;Irvine;CA;One Ethel Coplen Way;Irvine;CA
11 Strawberry Farm Rd;Irvine;CA;3750 Barranca Pkwy;Irvine;CA
4115 Campus Drive;Irvine;CA;Spectrum;Irvine;CA
4115 Campus Drive;Irvine;CA;11 Strawberry Farm Rd;Irvine;CA
4115 Campus Drive;Irvine;CA;111 Peters Canyon Rd;Irvine;CA
4115 Campus Drive;Irvine;CA;100 Shady Canyon Dr;Irvine;CA
4115 Campus Drive;Irvine;CA;One Ethel Coplen Way;Irvine;CA
4115 Campus Drive;Irvine;CA;3750 Barranca Pkwy;Irvine;CA
111 Peters Canyon Rd;Irvine;CA;Spectrum;Irvine;CA
111 Peters Canyon Rd;Irvine;CA;11 Strawberry Farm Rd;Irvine;CA
111 Peters Canyon Rd;Irvine;CA;4115 Campus Drive;Irvine;CA
111 Peters Canyon Rd;Irvine;CA;100 Shady Canyon Dr;Irvine;CA
111 Peters Canyon Rd;Irvine;CA;One Ethel Coplen Way;Irvine;CA
111 Peters Canyon Rd;Irvine;CA;3750 Barranca Pkwy;Irvine;CA
100 Shady Canyon Dr;Irvine;CA;Spectrum;Irvine;CA
100 Shady Canyon Dr;Irvine;CA;11 Strawberry Farm Rd;Irvine;CA
100 Shady Canyon Dr;Irvine;CA;4115 Campus Drive;Irvine;CA
100 Shady Canyon Dr;Irvine;CA;111 Peters Canyon Rd;Irvine;CA
100 Shady Canyon Dr;Irvine;CA;One Ethel Coplen Way;Irvine;CA
100 Shady Canyon Dr;Irvine;CA;3750 Barranca Pkwy;Irvine;CA
One Ethel Coplen Way;Irvine;CA;Spectrum;Irvine;CA
One Ethel Coplen Way;Irvine;CA;11 Strawberry Farm Rd;Irvine;CA
One Ethel Coplen Way;Irvine;CA;4115 Campus Drive;Irvine;CA
One Ethel Coplen Way;Irvine;CA;111 Peters Canyon Rd;Irvine;CA
One Ethel Coplen Way;Irvine;CA;100 Shady Canyon Dr;Irvine;CA
One Ethel Coplen Way;Irvine;CA;3750 Barranca Pkwy;Irvine;CA
3750 Barranca Pkwy;Irvine;CA;Spectrum;Irvine;CA
3750 Barranca Pkwy;Irvine;CA;11 Strawberry Farm Rd;Irvine;CA
3750 Barranca Pkwy;Irvine;CA;4115 Campus Drive;Irvine;CA
3750 Barranca Pkwy;Irvine;CA;111 Peters Canyon Rd;Irvine;CA
3750 Barranca Pkwy;Irvine;CA;100 Shady Canyon Dr;Irvine;CA
3750 Barranca Pkwy;Irvine;CA;One Ethel Coplen Way;Irvine;CA